大字,丁目
阿方,
朝倉上,
朝倉北,
朝倉下,
朝倉南,
旭町,一丁目
旭町,二丁目
旭町,三丁目
旭町,四丁目
旭町,五丁目
五十嵐,
いこいの丘,
石井町,一丁目
石井町,二丁目
石井町,三丁目
石井町,四丁目
石井町,五丁目
石橋町,一丁目
石橋町,二丁目
泉川町,一丁目
泉川町,二丁目
今治村,
内堀,一丁目
内堀,二丁目
内堀,三丁目
馬越,
馬越町,一丁目
馬越町,二丁目
馬越町,三丁目
馬越町,四丁目
馬島,
枝堀町,一丁目
枝堀町,二丁目
枝堀町,三丁目
恵美須町,一丁目
恵美須町,二丁目
恵美須町,三丁目
延喜,
大新田町,一丁目
大新田町,二丁目
大新田町,三丁目
大新田町,四丁目
大新田町,五丁目
大西町大井浜,
大西町九王,
大西町紺原,
大西町新町,
大西町別府,
大西町星浦,
大西町宮脇,
大西町山之内,
大西町脇,
大浜町,一丁目
大浜町,二丁目
大浜町,三丁目
大三島町明日,
大三島町台,
大三島町浦戸,
大三島町大見,
大三島町口総,
大三島町野々江,
大三島町肥海,
大三島町宮浦,
大三島町宗方,
風早町,一丁目
風早町,二丁目
風早町,三丁目
風早町,四丁目
片原町,一丁目
片原町,二丁目
片原町,三丁目
片原町,四丁目
片原町,五丁目
片山,一丁目
片山,二丁目
片山,三丁目
片山,四丁目
河南町,一丁目
河南町,二丁目
河南町,三丁目
鐘場町,一丁目
鐘場町,二丁目
上浦町甘崎,
上浦町井口,
上浦町盛,
上浦町瀬戸,
上徳,一丁目
唐子台西,一丁目
唐子台西,二丁目
唐子台西,三丁目
唐子台東,一丁目
唐子台東,二丁目
唐子台東,三丁目
神宮,
祇園町,一丁目
祇園町,二丁目
祇園町,三丁目
菊間町池原,
菊間町川上,
菊間町河之内,
菊間町高田,
菊間町佐方,
菊間町種,
菊間町田之尻,
菊間町長坂,
菊間町中川,
菊間町西山,
菊間町浜,
菊間町松尾,
北高下町,一丁目
北高下町,二丁目
北高下町,三丁目
北高下町,四丁目
北鳥生町,一丁目
北鳥生町,二丁目
北鳥生町,三丁目
北鳥生町,四丁目
北鳥生町,五丁目
北浜町,
北日吉町,一丁目
北日吉町,二丁目
北日吉町,三丁目
北宝来町,一丁目
北宝来町,二丁目
北宝来町,三丁目
北宝来町,四丁目
喜田村,
喜田村,一丁目
喜田村,二丁目
喜田村,三丁目
喜田村,四丁目
喜田村,五丁目
喜田村,六丁目
喜田村,七丁目
喜田村,八丁目
衣干町,一丁目
衣干町,二丁目
衣干町,三丁目
衣干町,四丁目
共栄町,一丁目
共栄町,二丁目
共栄町,三丁目
共栄町,四丁目
共栄町,五丁目
蔵敷町,一丁目
蔵敷町,二丁目
クリエイティブヒルズ,
来島,
鯉池町,一丁目
鯉池町,二丁目
鯉池町,三丁目
小泉,
小泉,一丁目
小泉,二丁目
小泉,三丁目
小泉,四丁目
小泉,五丁目
郷桜井,一丁目
郷桜井,二丁目
郷桜井,三丁目
郷桜井,四丁目
広紹寺町,一丁目
広紹寺町,二丁目
郷新屋敷町,一丁目
郷新屋敷町,二丁目
郷新屋敷町,三丁目
郷新屋敷町,四丁目
郷新屋敷町,五丁目
高地町,一丁目
高地町,二丁目
郷本町,一丁目
郷本町,二丁目
郷本町,三丁目
小浦町,一丁目
小浦町,二丁目
郷六ヶ内町,一丁目
郷六ヶ内町,二丁目
郷六ヶ内町,三丁目
黄金町,一丁目
黄金町,二丁目
黄金町,三丁目
黄金町,四丁目
黄金町,五丁目
黄金町,六丁目
国分,
国分,一丁目
国分,二丁目
国分,三丁目
国分,四丁目
国分,五丁目
国分,六丁目
国分,七丁目
米屋町,一丁目
米屋町,二丁目
米屋町,三丁目
米屋町,四丁目
古谷,
栄町,一丁目
栄町,二丁目
栄町,三丁目
栄町,四丁目
桜井,
桜井,一丁目
桜井,二丁目
桜井,三丁目
桜井,四丁目
桜井,五丁目
桜井,六丁目
桜井団地,一丁目
桜井団地,二丁目
桜井団地,三丁目
桜井団地,四丁目
桜井団地,五丁目
地堀,一丁目
地堀,二丁目
地堀,三丁目
地堀,四丁目
地堀,五丁目
地堀,六丁目
しまなみの杜,
しまなみヒルズ,
末広町,一丁目
末広町,二丁目
末広町,三丁目
末広町,四丁目
関前大下,
関前岡村,
関前小大下,
蒼社町,一丁目
蒼社町,二丁目
杣田,
大正町,一丁目
大正町,二丁目
大正町,三丁目
大正町,四丁目
大正町,五丁目
大正町,六丁目
大正町,七丁目
高市,
高橋,
高橋ふれあいの丘,
高部,
宅間,
立花町,一丁目
立花町,二丁目
立花町,三丁目
立花町,四丁目
玉川町大野,
玉川町鬼原,
玉川町葛谷,
玉川町桂,
玉川町木地,
玉川町高野,
玉川町小鴨部,
玉川町三反地,
玉川町摺木,
玉川町長谷,
玉川町中村,
玉川町鍋地,
玉川町鈍川,
玉川町畑寺,
玉川町別所,
玉川町法界寺,
玉川町御厩,
玉川町八幡,
玉川町與和木,
玉川町龍岡上,
玉川町龍岡下,
旦,
近見町,一丁目
近見町,二丁目
近見町,三丁目
近見町,四丁目
近見町,五丁目
辻堂,一丁目
辻堂,二丁目
辻堂,三丁目
辻堂,四丁目
土橋町,一丁目
土橋町,二丁目
天保山町,一丁目
天保山町,二丁目
天保山町,三丁目
天保山町,四丁目
天保山町,五丁目
天保山町,六丁目
通町,一丁目
通町,二丁目
通町,三丁目
常盤町,一丁目
常盤町,二丁目
常盤町,三丁目
常盤町,四丁目
常盤町,五丁目
常盤町,六丁目
常盤町,七丁目
常盤町,八丁目
徳重,
富田新港,一丁目
富田新港,二丁目
長沢,
中寺,
中浜町,一丁目
中浜町,二丁目
中浜町,三丁目
中浜町,四丁目
中日吉町,一丁目
中日吉町,二丁目
中日吉町,三丁目
中堀,一丁目
中堀,二丁目
中堀,三丁目
中堀,四丁目
波方町大浦,
波方町岡,
波方町小部,
波方町郷,
波方町波方,
波方町西浦,
波方町樋口,
波方町馬刀潟,
波方町宮崎,
波方町森上,
波方町養老,
にぎわい広場,
野間,
拝志,
伯方町有津,
伯方町伊方,
伯方町叶浦,
伯方町北浦,
伯方町木浦,
波止浜,
波止浜,一丁目
波止浜,二丁目
波止浜,三丁目
波止浜,四丁目
八町西,一丁目
八町西,二丁目
八町西,三丁目
八町西,四丁目
八町西,五丁目
八町東,一丁目
八町東,二丁目
八町東,三丁目
八町東,四丁目
八町東,五丁目
八町東,六丁目
東鳥生町,一丁目
東鳥生町,二丁目
東鳥生町,三丁目
東鳥生町,四丁目
東鳥生町,五丁目
東村,
東村,一丁目
東村,二丁目
東村,三丁目
東村,四丁目
東村,五丁目
東村南,一丁目
東村南,二丁目
東門町,一丁目
東門町,二丁目
東門町,三丁目
東門町,四丁目
東門町,五丁目
東門町,六丁目
古国分,一丁目
古国分,二丁目
古国分,三丁目
別宮町,一丁目
別宮町,二丁目
別宮町,三丁目
別宮町,四丁目
別宮町,五丁目
別宮町,六丁目
別宮町,七丁目
別宮町,八丁目
別宮町,九丁目
別名,
本町,一丁目
本町,二丁目
本町,三丁目
本町,四丁目
本町,五丁目
本町,六丁目
本町,七丁目
孫兵衛作,
町谷,
松木,
松本町,一丁目
松本町,二丁目
松本町,三丁目
松本町,四丁目
松本町,五丁目
美須賀町,一丁目
美須賀町,二丁目
美須賀町,三丁目
美須賀町,四丁目
湊町,一丁目
湊町,二丁目
南高下町,一丁目
南高下町,二丁目
南高下町,三丁目
南高下町,四丁目
南大門町,一丁目
南大門町,二丁目
南大門町,三丁目
南大門町,四丁目
南鳥生町,一丁目
南鳥生町,二丁目
南鳥生町,三丁目
南鳥生町,四丁目
南日吉町,一丁目
南日吉町,二丁目
南日吉町,三丁目
南宝来町,一丁目
南宝来町,二丁目
南宝来町,三丁目
美保町,一丁目
美保町,二丁目
美保町,三丁目
宮窪町四阪島,
宮窪町友浦,
宮窪町早川,
宮窪町宮窪,
宮窪町余所国,
宮下町,一丁目
宮下町,二丁目
宮下町,三丁目
室屋町,一丁目
室屋町,二丁目
室屋町,三丁目
室屋町,四丁目
室屋町,五丁目
室屋町,六丁目
室屋町,七丁目
矢田,
山方町,一丁目
山方町,二丁目
山口,
山路,
山路町,一丁目
湯ノ浦,
横田町,一丁目
横田町,二丁目
横田町,三丁目
横田町,四丁目
吉海町幸新田,
吉海町正味,
吉海町田浦,
吉海町津島,
吉海町泊,
吉海町名駒,
吉海町仁江,
吉海町福田,
吉海町臥間,
吉海町南浦,
吉海町名,
吉海町椋名,
吉海町八幡,
四村,
吉海町本庄,
砂場町,一丁目
砂場町,二丁目
蔵敷,
大浜,
波方町河之内,
八町,
朝倉上之,